{
    "loss": 17.97588348388672,
    "accuracy": 0.5395683646202087
}