{
    "loss": 8.186717987060547,
    "accuracy": 0.5467625856399536
}